Comparison,Metric,Delta,p_value,Significant (p<0.05)
Proposed A vs GAT,ROC-AUC,+0.0508,8.937e-05,Yes
Proposed A vs GCN,ROC-AUC,+0.1065,3.291e-05,Yes
Proposed B vs GAT,ROC-AUC,+0.0490,0.0001805,Yes
Proposed B vs GCN,ROC-AUC,+0.1046,6.582e-05,Yes
Proposed A vs GAT,PR-AUC,+0.0673,1.082e-05,Yes
Proposed A vs GCN,PR-AUC,+0.0960,3.393e-05,Yes
Proposed B vs GAT,PR-AUC,+0.0699,8.31e-06,Yes
Proposed B vs GCN,PR-AUC,+0.0985,3.713e-05,Yes
Proposed A vs GAT,F1-score,+0.0346,1.051e-05,Yes
Proposed A vs GCN,F1-score,+0.0707,5.536e-06,Yes
Proposed B vs GAT,F1-score,+0.0306,0.0004624,Yes
Proposed B vs GCN,F1-score,+0.0668,8.174e-05,Yes
