node1,node2,score,label,layer
31,32,0.999712,1,lunch
40,37,0.872862,1,lunch
3,21,0.854655,1,lunch
27,34,0.999601,1,lunch
29,35,0.999501,1,lunch
10,6,0.823915,1,lunch
25,46,0.999713,1,lunch
11,14,0.813721,1,lunch
44,54,0.999839,1,lunch
23,50,0.874999,1,lunch
3,44,0.864543,1,lunch
54,53,0.999917,1,lunch
12,5,0.786461,1,lunch
28,34,0.999327,1,lunch
29,33,0.999316,1,lunch
11,16,0.820598,1,lunch
27,54,0.999843,1,lunch
13,5,0.819302,1,lunch
19,36,0.999865,1,lunch
40,42,0.859914,1,lunch
3,57,0.879644,1,lunch
45,42,0.873063,1,lunch
52,48,0.999821,1,lunch
25,47,0.999796,1,lunch
17,51,0.918723,1,lunch
25,19,0.999818,1,lunch
13,8,0.842079,1,lunch
44,59,0.99984,1,lunch
58,35,0.99986,1,lunch
43,9,0.99992,1,lunch
27,59,0.999845,1,lunch
23,25,0.969583,1,lunch
44,61,0.999846,1,lunch
57,34,0.999493,1,lunch
13,20,0.817691,1,lunch
45,41,0.879803,1,lunch
37,41,0.898335,1,lunch
24,36,0.999869,1,lunch
33,16,0.943898,0,lunch
2,59,0.547542,0,lunch
30,12,0.792327,0,lunch
59,15,0.950262,0,lunch
47,59,0.999895,0,lunch
5,22,0.8335,0,lunch
14,29,0.932774,0,lunch
56,3,0.875538,0,lunch
2,14,0.619372,0,lunch
45,30,0.855736,0,lunch
42,31,0.972777,0,lunch
2,27,0.582118,0,lunch
26,38,0.966876,0,lunch
34,48,0.999751,0,lunch
22,44,0.954906,0,lunch
30,58,0.964664,0,lunch
29,25,0.999484,0,lunch
39,55,0.999923,0,lunch
1,7,0.587203,0,lunch
39,20,0.954513,0,lunch
48,56,0.999924,0,lunch
51,25,0.992807,0,lunch
21,15,0.944086,0,lunch
52,53,0.999829,0,lunch
52,31,0.999723,0,lunch
23,39,0.974532,0,lunch
3,54,0.873797,0,lunch
19,22,0.9632,0,lunch
16,9,0.955051,0,lunch
21,14,0.940268,0,lunch
27,46,0.999765,0,lunch
6,33,0.948035,0,lunch
32,61,0.999815,0,lunch
55,18,0.99994,0,lunch
28,26,0.956465,0,lunch
38,11,0.948096,0,lunch
3,35,0.871324,0,lunch
30,37,0.871802,0,lunch
13,46,0.999992,1,facebook
19,24,1.0,1,facebook
24,28,1.0,1,facebook
34,30,1.0,1,facebook
15,34,0.998597,1,facebook
23,19,1.0,1,facebook
34,28,1.0,1,facebook
34,33,1.0,1,facebook
24,31,1.0,1,facebook
34,8,0.999999,1,facebook
19,28,1.0,1,facebook
23,46,0.999999,1,facebook
21,51,1.0,1,facebook
19,58,1.0,1,facebook
21,7,0.999999,1,facebook
44,33,1.0,1,facebook
15,39,0.999102,1,facebook
37,8,1.0,1,facebook
19,30,1.0,1,facebook
51,39,1.0,1,facebook
19,5,1.0,1,facebook
12,4,0.99917,1,facebook
28,29,1.0,1,facebook
24,33,1.0,1,facebook
20,51,0.245903,0,facebook
13,40,0.324752,0,facebook
19,15,0.999483,0,facebook
40,46,0.256011,0,facebook
32,40,0.520739,0,facebook
57,3,0.520739,0,facebook
44,11,0.254092,0,facebook
4,23,0.999981,0,facebook
47,19,1.0,0,facebook
1,14,0.520739,0,facebook
13,6,0.324752,0,facebook
17,36,0.243947,0,facebook
22,35,0.520739,0,facebook
3,53,0.283998,0,facebook
11,28,0.2307,0,facebook
45,54,0.520739,0,facebook
12,41,0.359632,0,facebook
45,34,0.267327,0,facebook
35,4,0.300652,0,facebook
16,47,0.997404,0,facebook
41,33,0.232802,0,facebook
37,46,1.0,0,facebook
56,52,0.244602,0,facebook
56,14,0.244602,0,facebook
6,14,0.688605,1,coauthor
46,49,0.904787,1,coauthor
28,33,0.998308,1,coauthor
46,48,0.860182,1,coauthor
29,49,0.412027,0,coauthor
11,42,0.472359,0,coauthor
39,38,0.597341,0,coauthor
36,52,0.992916,0,coauthor
40,8,0.989911,1,leisure
45,37,0.988482,1,leisure
23,47,0.994919,1,leisure
23,31,0.990795,1,leisure
34,45,0.944481,1,leisure
17,50,0.963307,1,leisure
52,48,0.996768,1,leisure
31,33,0.995811,1,leisure
34,31,0.959559,1,leisure
31,24,0.997798,1,leisure
46,50,0.992221,1,leisure
15,16,0.690078,1,leisure
24,33,0.997369,1,leisure
42,41,0.981894,1,leisure
40,41,0.987087,1,leisure
23,52,0.988175,1,leisure
31,29,0.998411,1,leisure
44,39,0.650241,0,leisure
15,1,0.540702,0,leisure
40,36,0.98912,0,leisure
28,17,0.954934,0,leisure
1,34,0.506861,0,leisure
61,1,0.533873,0,leisure
54,43,0.490359,0,leisure
16,14,0.718356,0,leisure
33,12,0.834511,0,leisure
58,6,0.827248,0,leisure
15,55,0.725829,0,leisure
52,11,0.965456,0,leisure
51,8,0.917786,0,leisure
43,24,0.985269,0,leisure
14,40,0.83774,0,leisure
18,27,0.551903,0,leisure
10,2,0.548116,0,leisure
7,39,1.0,1,work
21,40,1.0,1,work
10,15,0.999828,1,work
41,31,1.0,1,work
7,57,1.0,1,work
11,46,1.0,1,work
46,3,1.0,1,work
11,60,1.0,1,work
51,52,1.0,1,work
34,31,1.0,1,work
10,16,0.999828,1,work
27,36,1.0,1,work
13,40,1.0,1,work
7,31,1.0,1,work
8,42,1.0,1,work
11,3,1.0,1,work
7,3,1.0,1,work
18,44,1.0,1,work
44,33,1.0,1,work
21,44,1.0,1,work
11,13,1.0,1,work
21,7,1.0,1,work
45,41,1.0,1,work
46,47,1.0,1,work
26,36,1.0,1,work
34,7,1.0,1,work
18,51,1.0,1,work
51,58,1.0,1,work
44,27,1.0,1,work
51,43,1.0,1,work
7,4,0.999801,1,work
26,44,1.0,1,work
51,6,1.0,1,work
2,7,1.0,1,work
13,46,1.0,1,work
21,6,1.0,1,work
6,4,0.997798,1,work
44,59,1.0,1,work
56,21,1.0,0,work
11,35,1.0,0,work
17,40,1.0,0,work
22,26,1.0,0,work
35,18,1.0,0,work
30,35,1.0,0,work
43,50,1.0,0,work
13,31,1.0,0,work
8,14,0.999999,0,work
20,22,1.0,0,work
48,32,1.0,0,work
11,52,1.0,0,work
12,36,1.0,0,work
27,33,1.0,0,work
50,7,1.0,0,work
22,42,1.0,0,work
31,17,1.0,0,work
38,55,1.0,0,work
10,3,1.0,0,work
38,46,1.0,0,work
33,8,1.0,0,work
19,17,1.0,0,work
34,20,1.0,0,work
3,19,1.0,0,work
41,18,1.0,0,work
2,39,1.0,0,work
2,32,1.0,0,work
45,38,1.0,0,work
14,29,0.999999,0,work
57,50,1.0,0,work
21,61,1.0,0,work
41,13,1.0,0,work
59,56,1.0,0,work
25,4,1.0,0,work
55,37,1.0,0,work
24,12,1.0,0,work
36,16,1.0,0,work
14,28,1.0,0,work
