model,metric,mean,std,n_seeds,min,max
proposed_A,ROC-AUC,0.8731467395832121,0.0007884373976373174,5,0.8723759102421904,0.8742796569351369
proposed_A,PR-AUC,0.8926683035198073,0.0017037163018037542,5,0.8898614758850373,0.8943754475735214
proposed_A,F1-score,0.8141468441330805,0.003555114013833262,5,0.8105860087589799,0.8187146306581918
proposed_B,ROC-AUC,0.8713034177109809,0.003135173571890446,5,0.8678823929879054,0.8761814718110845
proposed_B,PR-AUC,0.8952394034479049,0.002557071222523703,5,0.8920070945392798,0.8991715063375687
proposed_B,F1-score,0.8101664210474633,0.004526971962424534,5,0.804004814214967,0.8166095813958638
gat,ROC-AUC,0.8223074732285426,0.007441667799215363,5,0.8091803760884211,0.8267356447079514
gat,PR-AUC,0.8253570007642181,0.00560017893360652,5,0.8158498940076263,0.8301984198933989
gat,F1-score,0.7795705874488598,0.002128826175122429,5,0.7771379517476664,0.7820760208726504
gcn,ROC-AUC,0.7666703971120892,0.01143451184674845,5,0.7535350240607109,0.7769145250651857
gcn,PR-AUC,0.7967097624956018,0.009122787999002976,5,0.7855901928503409,0.8058307122353446
gcn,F1-score,0.7434039301854243,0.006835013994876635,5,0.7337271835986522,0.7510103340114972
node2vec,ROC-AUC,0.8469389214129096,0.0010809516714034716,5,0.8458380414135915,0.8485613336309265
node2vec,PR-AUC,0.9067486180462042,0.0004815676072048319,5,0.9063657941526642,0.9075502086795603
node2vec,F1-score,0.867666414646824,0.0020054968968504154,5,0.8652962975676959,0.8696255179622169
