model,seed,metric,score
proposed_A,42,ROC-AUC,0.8734302556573013
proposed_A,42,PR-AUC,0.8943754475735214
proposed_A,42,F1-score,0.810645345490612
proposed_A,123,ROC-AUC,0.8724238932686947
proposed_A,123,PR-AUC,0.8926171182093584
proposed_A,123,F1-score,0.8187146306581918
proposed_A,2024,ROC-AUC,0.8732239818127371
proposed_A,2024,PR-AUC,0.8935204193870223
proposed_A,2024,F1-score,0.8105860087589799
proposed_A,7,ROC-AUC,0.8742796569351369
proposed_A,7,PR-AUC,0.8898614758850373
proposed_A,7,F1-score,0.8162994476441991
proposed_A,99,ROC-AUC,0.8723759102421904
proposed_A,99,PR-AUC,0.8929670565440967
proposed_A,99,F1-score,0.81448878811342
proposed_B,42,ROC-AUC,0.8761814718110845
proposed_B,42,PR-AUC,0.8991715063375687
proposed_B,42,F1-score,0.8166095813958638
proposed_B,123,ROC-AUC,0.8698825556295284
proposed_B,123,PR-AUC,0.8947748858802285
proposed_B,123,F1-score,0.8095578182587769
proposed_B,2024,ROC-AUC,0.8703369332373432
proposed_B,2024,PR-AUC,0.895092228259881
proposed_B,2024,F1-score,0.8093125203566107
proposed_B,7,ROC-AUC,0.8678823929879054
proposed_B,7,PR-AUC,0.8920070945392798
proposed_B,7,F1-score,0.804004814214967
proposed_B,99,ROC-AUC,0.8722337348890429
proposed_B,99,PR-AUC,0.895151302222566
proposed_B,99,F1-score,0.8113473710110983
gat,42,ROC-AUC,0.8267356447079514
gat,42,PR-AUC,0.8301984198933989
gat,42,F1-score,0.7771379517476664
gat,123,ROC-AUC,0.8254250247978845
gat,123,PR-AUC,0.8266646045667969
gat,123,F1-score,0.7810178776493852
gat,2024,ROC-AUC,0.8265626227006599
gat,2024,PR-AUC,0.8284981314386782
gat,2024,F1-score,0.7799687118403953
gat,7,ROC-AUC,0.8236336978477957
gat,7,PR-AUC,0.825573953914591
gat,7,F1-score,0.7820760208726504
gat,99,ROC-AUC,0.8091803760884211
gat,99,PR-AUC,0.8158498940076263
gat,99,F1-score,0.7776523751342018
gcn,42,ROC-AUC,0.7551727709207943
gcn,42,PR-AUC,0.7883570857853182
gcn,42,F1-score,0.7393715313139109
gcn,123,ROC-AUC,0.7769145250651857
gcn,123,PR-AUC,0.8030521608212062
gcn,123,F1-score,0.7459598753274972
gcn,2024,ROC-AUC,0.7535350240607109
gcn,2024,PR-AUC,0.7855901928503409
gcn,2024,F1-score,0.7337271835986522
gcn,7,ROC-AUC,0.7760780708198397
gcn,7,PR-AUC,0.8058307122353446
gcn,7,F1-score,0.746950726675564
gcn,99,ROC-AUC,0.7716515946939148
gcn,99,PR-AUC,0.8007186607857988
gcn,99,F1-score,0.7510103340114972
node2vec,42,ROC-AUC,0.8485613336309265
node2vec,42,PR-AUC,0.9075502086795603
node2vec,42,F1-score,0.8692709034220985
node2vec,123,ROC-AUC,0.8469611808026196
node2vec,123,PR-AUC,0.906639382163158
node2vec,123,F1-score,0.8683631134387482
node2vec,2024,ROC-AUC,0.8460833657126816
node2vec,2024,PR-AUC,0.9063954961073446
node2vec,2024,F1-score,0.8652962975676959
node2vec,7,ROC-AUC,0.8458380414135915
node2vec,7,PR-AUC,0.9063657941526642
node2vec,7,F1-score,0.8696255179622169
node2vec,99,ROC-AUC,0.8472506855047292
node2vec,99,PR-AUC,0.9067922091282941
node2vec,99,F1-score,0.8657762408433609
