ROC-AUC,PR-AUC,F1-score,Layer,Layer_Importance,Threshold_Used
0.9005057630586702,0.9000817941725625,0.812755519215045,physics.soc-ph,0.04352595657110214,0.5801007151603699
0.86968390878212,0.871464568726284,0.8001264022752409,physics.data-an,0.11931484937667847,0.44830322265625
0.878814450715732,0.8806860121890863,0.8062783973564642,physics.bio-ph,0.062119968235492706,0.6081064343452454
0.8994182706118932,0.8864670968661893,0.828125,math-ph,0.47414079308509827,0.40417513251304626
0.9163624756615276,0.9228582799861771,0.8453494771601541,math.OC,0.028988052159547806,0.556232750415802
0.8793259379013876,0.8771082881544356,0.7953667953667953,cond-mat.dis-nn,0.11941316723823547,0.23264731466770172
0.8818712066582537,0.8827652094786855,0.8007774538386784,cond-mat.stat-mech,0.022921860218048096,0.5619237422943115
0.8942378073749514,0.8950854162787112,0.8270594653573377,q-bio.MN,0.04340275377035141,0.4328836500644684
0.8314009823248354,0.8306059757030401,0.7528735632183908,q-bio,0.01203221920877695,0.6115647554397583
0.8898571728227913,0.8893313782115477,0.8178294573643411,q-bio.BM,0.021433750167489052,0.26950350403785706
0.7905424063116371,0.8052619959948275,0.7341227125941873,nlin.AO,0.007338413503021002,0.13606631755828857
0.8758861288644471,0.8774107605579113,0.8099432374241534,cs.SI,0.03691171854734421,0.35065212845802307
0.7940441482715535,0.8075434635043408,0.7574468085106383,cs.CV,0.008456455543637276,0.1609322428703308
