ROC-AUC,PR-AUC,F1-score,Layer,Threshold_Used
0.8378409225294204,0.867410325743831,0.7915611814345992,physics.soc-ph,0.2933608591556549
0.8382847932031625,0.8601755255751904,0.7793080282163252,physics.data-an,0.2992442846298218
0.8027697227585381,0.8250536832490252,0.7600165220983065,physics.bio-ph,0.35713672637939453
0.8388035047400173,0.8342075337283326,0.782608695652174,math-ph,0.38376784324645996
0.8827667656165215,0.9005404822866679,0.7852545348156816,math.OC,0.4103717803955078
0.838192521289786,0.8544044044977185,0.7836220472440945,cond-mat.dis-nn,0.10055568069219589
0.6626047863710113,0.7299521876330599,0.6666666666666666,cond-mat.stat-mech,0.11874803155660629
0.6554374142626072,0.7147441816374878,0.6666666666666666,q-bio.MN,0.2273445725440979
0.7069063450165393,0.7292434073067473,0.6771037181996086,q-bio,2.11938277061563e-06
0.8290650445262295,0.8338027796623375,0.7263513513513513,q-bio.BM,0.004369321279227734
0.5248290598290598,0.5990007884962831,0.6666666666666666,nlin.AO,0.2984571158885956
0.842844270214031,0.8576163735958546,0.7859606411036721,cs.SI,0.14099572598934174
0.5356101624323198,0.6065208336418961,0.6666666666666666,cs.CV,0.2424958348274231
