ROC-AUC,PR-AUC,F1-score,Threshold_Used,Layer
0.8592705351077669,0.9164836334945898,0.9076233183856502,0.6739708781242371,physics.soc-ph
0.9270276978231679,0.9431906195063948,0.8733561520446766,0.11779884994029999,physics.data-an
0.8958626774188556,0.9295848064252304,0.8730512249443207,0.28472378849983215,physics.bio-ph
0.8455903476012642,0.916791877920281,0.8940092165898618,0.19373704493045807,math-ph
0.9169197867790226,0.947688312261263,0.9222488038277512,0.5622898936271667,math.OC
0.904541202325357,0.9322202171434142,0.8733233979135618,0.3813956081867218,cond-mat.dis-nn
0.8395604230514994,0.9031139059818206,0.8721804511278195,0.687362790107727,cond-mat.stat-mech
0.8822851190598062,0.9339526130628815,0.9161603888213852,0.6317026019096375,q-bio.MN
0.7278392194861171,0.843524710446302,0.8095238095238095,0.8315089344978333,q-bio
0.8644190614214069,0.9259276989881622,0.909952606635071,0.8218289613723755,q-bio.BM
0.7413806706114398,0.8445233926517363,0.7970149253731343,0.45870649814605713,nlin.AO
0.9156694968787158,0.9423314732017045,0.8934407364787111,0.1893359273672104,cs.SI
0.6901291128696376,0.806978707037274,0.7468354430379747,0.8620560765266418,cs.CV
