Model,Group,Avg_ROC_AUC,Avg_PR_AUC,Layers_used,Total_edges
adamic_adar,bridge,0.5,0.20065957032093748,13,14376
adamic_adar,strong,0.8854708687919,0.9986106060960229,12,9224
common_neighbors,bridge,0.5,0.20065957032093748,13,14376
common_neighbors,strong,0.7157952493299593,0.9962937864746216,12,9224
jaccard,bridge,0.5,0.20065957032093748,13,14376
jaccard,strong,0.747161146580208,0.9974845033889088,12,9224
preferential_attachment,bridge,0.25318803994959754,0.18250663528021147,13,14376
preferential_attachment,strong,0.5351687340380694,0.9953462801793087,12,9224
node2vec,bridge,0.43362134840884486,0.36388262715617103,13,14376
node2vec,strong,0.6792253747329636,0.9971605147375406,12,9224
gcn,bridge,0.4324891215153207,0.20897979119987348,13,14376
gcn,strong,0.5756324601238079,0.9947088041704225,12,9224
gat,bridge,0.6234428859062768,0.3111121103151413,13,14376
gat,strong,0.41473238085786757,0.9903953725391643,12,9224
Proposed,bridge,0.6152307595964105,0.3102061536550869,13,14376
Proposed,strong,0.49268921804844595,0.9935618353672311,12,9224
