Model,MRR,Hits@1,Hits@3,Hits@5,Hits@10
Adamic-Adar,0.6672733354073395,0.5899096339135192,0.7302012161537094,0.739000729642496,0.7456104766433533
Jaccard,0.5752556327262033,0.44711926396541124,0.6896270041983448,0.707422367500651,0.7314579050175336
Common Neighbors,0.5588249251530092,0.3884826276260664,0.6784197521579671,0.7242886848693697,0.7461415299876617
Node2Vec,0.5072405898076805,0.3949261393614957,0.590505230082532,0.6458776698780013,0.7297084420382309
Proposed B,0.33546460121909577,0.2477655658934643,0.36142601747238834,0.41499061932884995,0.5069123710688144
Proposed A,0.28337160459840305,0.19552730756468287,0.3121654823604103,0.37065079365769754,0.4727062625194175
GCN,0.148660220023046,0.09136830454036332,0.15675391100472227,0.1858070991346525,0.2567231365941381
GAT,0.1436977771089108,0.08080306187220221,0.14297203554553894,0.19041356552205593,0.27386353168938143
Preferential Attachment,0.08950158917280689,0.05394913553063388,0.08348685981630705,0.11018945413145423,0.14859823972085232
